,Date,Visitor,AG,Home,HG,OT,ARes,HRes,HWin,AWin,Away_BeforeDate_gp,Away_BeforeDate_win,Away_BeforeDate_loss,Away_BeforeDate_ot_loss,Away_BeforeDate_ot_win,Away_BeforeDate_so_loss,Away_BeforeDate_so_win,Away_BeforeDate_so,Away_BeforeDate_ot,Away_BeforeDate_goals,Away_BeforeDate_goals_against,Away_Home_gp,Away_Home_win,Away_Home_loss,Away_Home_ot_loss,Away_Home_ot_win,Away_Home_so_loss,Away_Home_so_win,Away_Home_so,Away_Home_ot,Away_Home_goals,Away_Home_goals_against,Away_Away_gp,Away_Away_win,Away_Away_loss,Away_Away_ot_loss,Away_Away_ot_win,Away_Away_so_loss,Away_Away_so_win,Away_Away_so,Away_Away_ot,Away_Away_goals,Away_Away_goals_against,Away_Last-5_gp,Away_Last-5_win,Away_Last-5_loss,Away_Last-5_ot_loss,Away_Last-5_ot_win,Away_Last-5_so_loss,Away_Last-5_so_win,Away_Last-5_so,Away_Last-5_ot,Away_Last-5_goals,Away_Last-5_goals_against,Away_Last-10_gp,Away_Last-10_win,Away_Last-10_loss,Away_Last-10_ot_loss,Away_Last-10_ot_win,Away_Last-10_so_loss,Away_Last-10_so_win,Away_Last-10_so,Away_Last-10_ot,Away_Last-10_goals,Away_Last-10_goals_against,Away_B2B_gp,Away_B2B_win,Away_B2B_loss,Away_B2B_ot_loss,Away_B2B_ot_win,Away_B2B_so_loss,Away_B2B_so_win,Away_B2B_so,Away_B2B_ot,Away_B2B_goals,Away_B2B_goals_against,Away_ThisMonth_gp,Away_ThisMonth_win,Away_ThisMonth_loss,Away_ThisMonth_ot_loss,Away_ThisMonth_ot_win,Away_ThisMonth_so_loss,Away_ThisMonth_so_win,Away_ThisMonth_so,Away_ThisMonth_ot,Away_ThisMonth_goals,Away_ThisMonth_goals_against,Away_Days-4_gp,Away_Days-4_win,Away_Days-4_loss,Away_Days-4_ot_loss,Away_Days-4_ot_win,Away_Days-4_so_loss,Away_Days-4_so_win,Away_Days-4_so,Away_Days-4_ot,Away_Days-4_goals,Away_Days-4_goals_against,Away_Days-7_gp,Away_Days-7_win,Away_Days-7_loss,Away_Days-7_ot_loss,Away_Days-7_ot_win,Away_Days-7_so_loss,Away_Days-7_so_win,Away_Days-7_so,Away_Days-7_ot,Away_Days-7_goals,Away_Days-7_goals_against,Home_BeforeDate_gp,Home_BeforeDate_win,Home_BeforeDate_loss,Home_BeforeDate_ot_loss,Home_BeforeDate_ot_win,Home_BeforeDate_so_loss,Home_BeforeDate_so_win,Home_BeforeDate_so,Home_BeforeDate_ot,Home_BeforeDate_goals,Home_BeforeDate_goals_against,Home_Home_gp,Home_Home_win,Home_Home_loss,Home_Home_ot_loss,Home_Home_ot_win,Home_Home_so_loss,Home_Home_so_win,Home_Home_so,Home_Home_ot,Home_Home_goals,Home_Home_goals_against,Home_Away_gp,Home_Away_win,Home_Away_loss,Home_Away_ot_loss,Home_Away_ot_win,Home_Away_so_loss,Home_Away_so_win,Home_Away_so,Home_Away_ot,Home_Away_goals,Home_Away_goals_against,Home_Last-5_gp,Home_Last-5_win,Home_Last-5_loss,Home_Last-5_ot_loss,Home_Last-5_ot_win,Home_Last-5_so_loss,Home_Last-5_so_win,Home_Last-5_so,Home_Last-5_ot,Home_Last-5_goals,Home_Last-5_goals_against,Home_Last-10_gp,Home_Last-10_win,Home_Last-10_loss,Home_Last-10_ot_loss,Home_Last-10_ot_win,Home_Last-10_so_loss,Home_Last-10_so_win,Home_Last-10_so,Home_Last-10_ot,Home_Last-10_goals,Home_Last-10_goals_against,Home_B2B_gp,Home_B2B_win,Home_B2B_loss,Home_B2B_ot_loss,Home_B2B_ot_win,Home_B2B_so_loss,Home_B2B_so_win,Home_B2B_so,Home_B2B_ot,Home_B2B_goals,Home_B2B_goals_against,Home_ThisMonth_gp,Home_ThisMonth_win,Home_ThisMonth_loss,Home_ThisMonth_ot_loss,Home_ThisMonth_ot_win,Home_ThisMonth_so_loss,Home_ThisMonth_so_win,Home_ThisMonth_so,Home_ThisMonth_ot,Home_ThisMonth_goals,Home_ThisMonth_goals_against,Home_Days-4_gp,Home_Days-4_win,Home_Days-4_loss,Home_Days-4_ot_loss,Home_Days-4_ot_win,Home_Days-4_so_loss,Home_Days-4_so_win,Home_Days-4_so,Home_Days-4_ot,Home_Days-4_goals,Home_Days-4_goals_against,Home_Days-7_gp,Home_Days-7_win,Home_Days-7_loss,Home_Days-7_ot_loss,Home_Days-7_ot_win,Home_Days-7_so_loss,Home_Days-7_so_win,Home_Days-7_so,Home_Days-7_ot,Home_Days-7_goals,Home_Days-7_goals_against
6,2018-10-04,Minnesota Wild,1,Colorado Avalanche,4,,GameState.LOSS,GameState.WIN,1,0,0,0,0,0,0,0,0,0,0,0,0,0,0,0,0,0,0,0,0,0,0,0,0,0,0,0,0,0,0,0,0,0,0,0,0,0,0,0,0,0,0,0,0,0,0,0,0,0,0,0,0,0,0,0,0,0,0,0,0,0,0,0,0,0,0,0,0,0,0,0,0,0,0,0,0,0,0,0,0,0,0,0,0,0,0,0,0,0,0,0,0,0,0,0,0,0,0,0,0,0,0,0,0,0,0,0,0,0,0,0,0,0,0,0,0,0,0,0,0,0,0,0,0,0,0,0,0,0,0,0,0,0,0,0,0,0,0,0,0,0,0,0,0,0,0,0,0,0,0,0,0,0,0,0,0,0,0,0,0,0,0,0,0,0,0,0,0,0,0,0,0,0,0,0,0,0,0,0,0,0,0,0,0,0,0,0,0,0,0,0,0,0,0,0,0,0,0,0
19,2018-10-06,Philadelphia Flyers,2,Colorado Avalanche,5,,GameState.LOSS,GameState.WIN,1,0,1,1,0,0,0,0,0,0,0,5,2,0,0,0,0,0,0,0,0,0,0,0,1,1,0,0,0,0,0,0,0,5,2,1,1,0,0,0,0,0,0,0,5,2,1,1,0,0,0,0,0,0,0,5,2,0,0,0,0,0,0,0,0,0,0,0,1,1,0,0,0,0,0,0,0,5,2,1,1,0,0,0,0,0,0,0,5,2,1,1,0,0,0,0,0,0,0,5,2,1,1,0,0,0,0,0,0,0,4,1,1,1,0,0,0,0,0,0,0,4,1,0,0,0,0,0,0,0,0,0,0,0,1,1,0,0,0,0,0,0,0,4,1,1,1,0,0,0,0,0,0,0,4,1,0,0,0,0,0,0,0,0,0,0,0,1,1,0,0,0,0,0,0,0,4,1,1,1,0,0,0,0,0,0,0,4,1,1,1,0,0,0,0,0,0,0,4,1
36,2018-10-09,Colorado Avalanche,2,Columbus Blue Jackets,5,,GameState.LOSS,GameState.WIN,1,0,2,2,0,0,0,0,0,0,0,9,3,2,2,0,0,0,0,0,0,0,9,3,0,0,0,0,0,0,0,0,0,0,0,2,2,0,0,0,0,0,0,0,9,3,2,2,0,0,0,0,0,0,0,9,3,0,0,0,0,0,0,0,0,0,0,0,2,2,0,0,0,0,0,0,0,9,3,1,1,0,0,0,0,0,0,0,5,2,2,2,0,0,0,0,0,0,0,9,3,2,0,1,0,1,0,0,0,0,4,5,1,0,1,0,0,0,0,0,0,1,3,1,0,0,0,1,0,0,0,0,3,2,2,0,1,0,1,0,0,0,0,4,5,2,0,1,0,1,0,0,0,0,4,5,2,0,1,0,1,0,0,0,0,4,5,2,0,1,0,1,0,0,0,0,4,5,0,0,0,0,0,0,0,0,0,0,0,2,0,1,0,1,0,0,0,0,4,5
45,2018-10-11,Colorado Avalanche,6,Buffalo Sabres,1,,GameState.WIN,GameState.LOSS,0,1,3,2,1,0,0,0,0,0,0,11,8,2,2,0,0,0,0,0,0,0,9,3,1,0,1,0,0,0,0,0,0,2,5,3,2,1,0,0,0,0,0,0,11,8,3,2,1,0,0,0,0,0,0,11,8,0,0,0,0,0,0,0,0,0,0,0,3,2,1,0,0,0,0,0,0,11,8,1,0,1,0,0,0,0,0,0,2,5,2,1,1,0,0,0,0,0,0,7,7,3,2,1,0,0,0,0,0,0,7,7,3,2,1,0,0,0,0,0,0,7,7,0,0,0,0,0,0,0,0,0,0,0,3,2,1,0,0,0,0,0,0,7,7,3,2,1,0,0,0,0,0,0,7,7,0,0,0,0,0,0,0,0,0,0,0,3,2,1,0,0,0,0,0,0,7,7,1,1,0,0,0,0,0,0,0,4,2,2,2,0,0,0,0,0,0,0,7,3
59,2018-10-13,Calgary Flames,3,Colorado Avalanche,2,OT,GameState.OT_WIN,GameState.OT_LOSS,0,1,4,2,2,0,0,0,0,0,0,15,14,1,1,0,0,0,0,0,0,0,7,4,3,1,2,0,0,0,0,0,0,8,10,4,2,2,0,0,0,0,0,0,15,14,4,2,2,0,0,0,0,0,0,15,14,0,0,0,0,0,0,0,0,0,0,0,4,2,2,0,0,0,0,0,0,15,14,1,0,1,0,0,0,0,0,0,3,5,2,1,1,0,0,0,0,0,0,6,5,4,3,1,0,0,0,0,0,0,17,9,2,2,0,0,0,0,0,0,0,9,3,2,1,1,0,0,0,0,0,0,8,6,4,3,1,0,0,0,0,0,0,17,9,4,3,1,0,0,0,0,0,0,17,9,0,0,0,0,0,0,0,0,0,0,0,4,3,1,0,0,0,0,0,0,17,9,1,1,0,0,0,0,0,0,0,6,1,2,1,1,0,0,0,0,0,0,8,6
79,2018-10-16,Colorado Avalanche,2,New York Rangers,3,SO,GameState.SO_LOSS,GameState.SO_WIN,1,0,5,3,1,1,0,0,0,0,0,19,12,3,2,0,1,0,0,0,0,0,11,6,2,1,1,0,0,0,0,0,0,8,6,5,3,1,1,0,0,0,0,0,19,12,5,3,1,1,0,0,0,0,0,19,12,0,0,0,0,0,0,0,0,0,0,0,5,3,1,1,0,0,0,0,0,19,12,1,0,0,1,0,0,0,0,0,2,3,2,1,0,1,0,0,0,0,0,8,4,5,0,4,0,1,0,0,0,0,12,18,3,0,2,0,1,0,0,0,0,6,7,2,0,2,0,0,0,0,0,0,6,11,5,0,4,0,1,0,0,0,0,12,18,5,0,4,0,1,0,0,0,0,12,18,2,0,2,0,0,0,0,0,0,6,11,5,0,4,0,1,0,0,0,0,12,18,1,0,1,0,0,0,0,0,0,1,2,2,0,1,0,1,0,0,0,0,4,4
93,2018-10-18,Colorado Avalanche,5,New Jersey Devils,3,,GameState.WIN,GameState.LOSS,0,1,6,3,1,1,0,1,0,0,0,21,15,3,2,0,1,0,0,0,0,0,11,6,3,1,1,0,0,1,0,0,0,10,9,5,2,1,1,0,1,0,0,0,17,14,6,3,1,1,0,1,0,0,0,21,15,0,0,0,0,0,0,0,0,0,0,0,6,3,1,1,0,1,0,0,0,21,15,1,0,0,0,0,1,0,0,0,2,3,2,0,0,1,0,1,0,0,0,4,6,4,4,0,0,0,0,0,0,0,17,4,4,4,0,0,0,0,0,0,0,17,4,0,0,0,0,0,0,0,0,0,0,0,4,4,0,0,0,0,0,0,0,17,4,4,4,0,0,0,0,0,0,0,17,4,0,0,0,0,0,0,0,0,0,0,0,4,4,0,0,0,0,0,0,0,17,4,1,1,0,0,0,0,0,0,0,3,0,2,2,0,0,0,0,0,0,0,6,2
101,2018-10-20,Colorado Avalanche,3,Carolina Hurricanes,1,,GameState.WIN,GameState.LOSS,0,1,7,4,1,1,0,1,0,0,0,26,18,3,2,0,1,0,0,0,0,0,11,6,4,2,1,0,0,1,0,0,0,15,12,5,2,1,1,0,1,0,0,0,17,15,7,4,1,1,0,1,0,0,0,26,18,0,0,0,0,0,0,0,0,0,0,0,7,4,1,1,0,1,0,0,0,26,18,1,1,0,0,0,0,0,0,0,5,3,2,1,0,0,0,1,0,0,0,7,6,7,3,2,1,1,0,0,0,0,25,22,3,2,0,1,0,0,0,0,0,14,10,4,1,2,0,1,0,0,0,0,11,12,5,2,2,0,1,0,0,0,0,21,19,7,3,2,1,1,0,0,0,0,25,22,4,1,1,1,1,0,0,0,0,10,10,7,3,2,1,1,0,0,0,0,25,22,0,0,0,0,0,0,0,0,0,0,0,2,0,2,0,0,0,0,0,0,3,7
118,2018-10-22,Colorado Avalanche,4,Philadelphia Flyers,1,,GameState.WIN,GameState.LOSS,0,1,8,5,1,1,0,1,0,0,0,29,19,3,2,0,1,0,0,0,0,0,11,6,5,3,1,0,0,1,0,0,0,18,13,5,3,0,1,0,1,0,0,0,18,11,8,5,1,1,0,1,0,0,0,29,19,0,0,0,0,0,0,0,0,0,0,0,8,5,1,1,0,1,0,0,0,29,19,1,1,0,0,0,0,0,0,0,3,1,3,2,0,0,0,1,0,0,0,10,7,8,3,4,0,0,0,1,0,0,30,33,4,1,2,0,0,0,1,0,0,13,16,4,2,2,0,0,0,0,0,0,17,17,5,2,2,0,0,0,1,0,0,21,18,8,3,4,0,0,0,1,0,0,30,33,2,1,1,0,0,0,0,0,0,9,12,8,3,4,0,0,0,1,0,0,30,33,1,1,0,0,0,0,0,0,0,5,2,3,1,1,0,0,0,1,0,0,14,13
129,2018-10-24,Tampa Bay Lightning,1,Colorado Avalanche,0,,GameState.WIN,GameState.LOSS,0,1,7,4,1,1,0,0,1,0,0,28,18,5,3,1,0,0,0,1,0,0,18,10,2,1,0,1,0,0,0,0,0,10,8,5,4,0,1,0,0,0,0,0,25,13,7,4,1,1,0,0,1,0,0,28,18,2,1,0,1,0,0,0,0,0,10,8,7,4,1,1,0,0,1,0,0,28,18,1,1,0,0,0,0,0,0,0,6,3,3,2,0,1,0,0,0,0,0,13,9,9,6,1,1,0,1,0,0,0,33,20,3,2,0,1,0,0,0,0,0,11,6,6,4,1,0,0,1,0,0,0,22,14,5,3,0,1,0,1,0,0,0,16,11,9,6,1,1,0,1,0,0,0,33,20,0,0,0,0,0,0,0,0,0,0,0,9,6,1,1,0,1,0,0,0,33,20,1,1,0,0,0,0,0,0,0,4,1,3,3,0,0,0,0,0,0,0,12,5
144,2018-10-26,Ottawa Senators,3,Colorado Avalanche,6,,GameState.LOSS,GameState.WIN,1,0,8,3,3,1,1,0,0,0,0,29,29,6,2,2,1,1,0,0,0,0,21,20,2,1,1,0,0,0,0,0,0,8,9,5,2,2,0,1,0,0,0,0,18,16,8,3,3,1,1,0,0,0,0,29,29,0,0,0,0,0,0,0,0,0,0,0,8,3,3,1,1,0,0,0,0,29,29,1,0,1,0,0,0,0,0,0,1,4,2,0,1,0,1,0,0,0,0,5,7,10,6,2,1,0,1,0,0,0,33,21,4,2,1,1,0,0,0,0,0,11,7,6,4,1,0,0,1,0,0,0,22,14,5,3,1,0,0,1,0,0,0,14,9,10,6,2,1,0,1,0,0,0,33,21,0,0,0,0,0,0,0,0,0,0,0,10,6,2,1,0,1,0,0,0,33,21,1,0,1,0,0,0,0,0,0,0,1,3,2,1,0,0,0,0,0,0,7,3
151,2018-10-27,Colorado Avalanche,2,Minnesota Wild,3,,GameState.LOSS,GameState.WIN,1,0,11,7,2,1,0,1,0,0,0,39,24,5,3,1,1,0,0,0,0,0,17,10,6,4,1,0,0,1,0,0,0,22,14,5,4,1,0,0,0,0,0,0,18,9,10,6,2,1,0,1,0,0,0,35,23,0,0,0,0,0,0,0,0,0,0,0,11,7,2,1,0,1,0,0,0,39,24,2,1,1,0,0,0,0,0,0,6,4,3,2,1,0,0,0,0,0,0,10,5,9,3,2,1,2,1,0,0,0,26,25,6,2,0,1,2,1,0,0,0,20,16,3,1,2,0,0,0,0,0,0,6,9,5,3,1,0,1,0,0,0,0,16,11,9,3,2,1,2,1,0,0,0,26,25,4,2,1,0,1,0,0,0,0,12,10,9,3,2,1,2,1,0,0,0,26,25,1,1,0,0,0,0,0,0,0,4,1,1,1,0,0,0,0,0,0,0,4,1
179,2018-11-01,Colorado Avalanche,5,Calgary Flames,6,,GameState.LOSS,GameState.WIN,1,0,12,7,3,1,0,1,0,0,0,41,27,5,3,1,1,0,0,0,0,0,17,10,7,4,2,0,0,1,0,0,0,24,17,5,3,2,0,0,0,0,0,0,15,9,10,5,3,1,0,1,0,0,0,32,24,2,1,1,0,0,0,0,0,0,8,6,0,0,0,0,0,0,0,0,0,0,0,0,0,0,0,0,0,0,0,0,0,0,2,1,1,0,0,0,0,0,0,8,6,13,5,5,0,2,1,0,0,0,41,42,5,2,2,0,0,1,0,0,0,19,24,8,3,3,0,2,0,0,0,0,22,18,5,1,2,0,1,1,0,0,0,11,18,10,3,4,0,2,1,0,0,0,29,33,2,1,0,0,1,0,0,0,0,5,2,0,0,0,0,0,0,0,0,0,0,0,2,1,0,0,1,0,0,0,0,5,2,3,1,0,0,1,1,0,0,0,8,6
192,2018-11-02,Colorado Avalanche,6,Vancouver Canucks,7,OT,GameState.OT_LOSS,GameState.OT_WIN,1,0,13,7,4,1,0,1,0,0,0,46,33,5,3,1,1,0,0,0,0,0,17,10,8,4,3,0,0,1,0,0,0,29,23,5,2,3,0,0,0,0,0,0,17,14,10,5,3,1,0,1,0,0,0,35,25,2,1,1,0,0,0,0,0,0,8,6,1,0,1,0,0,0,0,0,0,5,6,1,0,1,0,0,0,0,0,0,5,6,2,0,2,0,0,0,0,0,0,7,9,14,5,6,0,2,0,1,0,0,40,44,6,3,2,0,1,0,0,0,0,18,17,8,2,4,0,1,0,1,0,0,22,27,5,2,2,0,0,0,1,0,0,13,15,10,3,4,0,2,0,1,0,0,24,29,2,0,1,0,0,0,1,0,0,4,6,0,0,0,0,0,0,0,0,0,0,0,1,1,0,0,0,0,0,0,0,4,2,3,2,1,0,0,0,0,0,0,9,9
224,2018-11-07,Nashville Predators,4,Colorado Avalanche,1,,GameState.WIN,GameState.LOSS,0,1,14,10,3,0,1,0,0,0,0,47,30,8,5,3,0,0,0,0,0,0,24,18,6,5,0,0,1,0,0,0,0,23,12,5,3,1,0,1,0,0,0,0,16,10,10,7,2,0,1,0,0,0,0,37,22,2,2,0,0,0,0,0,0,0,8,3,2,2,0,0,0,0,0,0,0,5,1,0,0,0,0,0,0,0,0,0,0,0,2,2,0,0,0,0,0,0,0,5,1,14,7,4,2,0,1,0,0,0,52,40,5,3,1,1,0,0,0,0,0,17,10,9,4,3,1,0,1,0,0,0,35,30,5,1,3,1,0,0,0,0,0,19,20,10,4,3,2,0,1,0,0,0,35,31,4,1,2,1,0,0,0,0,0,19,19,2,0,1,1,0,0,0,0,0,11,13,0,0,0,0,0,0,0,0,0,0,0,2,0,1,1,0,0,0,0,0,11,13
239,2018-11-09,Colorado Avalanche,2,Winnipeg Jets,5,,GameState.LOSS,GameState.WIN,1,0,15,7,5,2,0,1,0,0,0,53,44,6,3,2,1,0,0,0,0,0,18,14,9,4,3,1,0,1,0,0,0,35,30,5,1,3,1,0,0,0,0,0,20,23,10,4,4,1,0,1,0,0,0,34,32,4,1,2,1,0,0,0,0,0,19,19,3,0,2,1,0,0,0,0,0,12,17,1,0,1,0,0,0,0,0,0,1,4,1,0,1,0,0,0,0,0,0,1,4,14,7,5,1,1,0,0,0,0,41,38,8,4,2,1,1,0,0,0,0,27,23,6,3,3,0,0,0,0,0,0,14,15,5,2,3,0,0,0,0,0,0,12,14,10,5,3,1,1,0,0,0,0,33,28,4,2,2,0,0,0,0,0,0,10,10,2,1,1,0,0,0,0,0,0,6,6,0,0,0,0,0,0,0,0,0,0,0,0,0,0,0,0,0,0,0,0,0,0
253,2018-11-11,Colorado Avalanche,4,Edmonton Oilers,1,,GameState.WIN,GameState.LOSS,0,1,16,7,6,2,0,1,0,0,0,55,49,6,3,2,1,0,0,0,0,0,18,14,10,4,4,1,0,1,0,0,0,37,35,5,0,4,1,0,0,0,0,0,16,25,10,4,5,1,0,0,0,0,0,34,34,4,1,2,1,0,0,0,0,0,19,19,4,0,3,1,0,0,0,0,0,14,22,1,0,1,0,0,0,0,0,0,2,5,2,0,2,0,0,0,0,0,0,3,9,16,5,7,1,3,0,0,0,0,45,50,6,2,2,1,1,0,0,0,0,19,16,10,3,5,0,2,0,0,0,0,26,34,5,2,3,0,0,0,0,0,0,13,16,10,4,4,1,1,0,0,0,0,32,31,4,1,2,0,1,0,0,0,0,11,13,5,2,3,0,0,0,0,0,0,13,16,1,0,1,0,0,0,0,0,0,1,4,3,0,3,0,0,0,0,0,0,5,13
273,2018-11-14,Boston Bruins,3,Colorado Avalanche,6,,GameState.LOSS,GameState.WIN,1,0,17,9,5,2,1,0,0,0,0,53,41,9,6,2,0,1,0,0,0,0,37,20,8,3,3,2,0,0,0,0,0,16,21,5,2,2,0,1,0,0,0,0,16,12,10,5,3,1,1,0,0,0,0,27,20,6,3,2,1,0,0,0,0,0,17,17,5,2,2,0,1,0,0,0,0,16,12,1,1,0,0,0,0,0,0,0,4,1,3,2,1,0,0,0,0,0,0,14,10,17,8,6,2,0,1,0,0,0,59,50,6,3,2,1,0,0,0,0,0,18,14,11,5,4,1,0,1,0,0,0,41,36,5,1,3,1,0,0,0,0,0,18,23,10,4,5,1,0,0,0,0,0,33,32,4,1,2,1,0,0,0,0,0,19,19,5,1,3,1,0,0,0,0,0,18,23,1,1,0,0,0,0,0,0,0,4,1,2,1,1,0,0,0,0,0,0,6,6
287,2018-11-16,Washington Capitals,3,Colorado Avalanche,2,OT,GameState.OT_WIN,GameState.OT_LOSS,0,1,18,6,7,2,1,1,1,0,0,60,61,10,4,3,1,1,1,0,0,0,34,28,8,2,4,1,0,0,1,0,0,26,33,5,2,3,0,0,0,0,0,0,10,12,10,3,5,1,0,0,1,0,0,26,31,6,3,2,1,0,0,0,0,0,24,20,8,3,4,1,0,0,0,0,0,21,24,2,1,1,0,0,0,0,0,0,6,5,3,1,2,0,0,0,0,0,0,7,9,18,9,6,2,0,1,0,0,0,65,53,7,4,2,1,0,0,0,0,0,24,17,11,5,4,1,0,1,0,0,0,41,36,5,2,2,1,0,0,0,0,0,19,20,10,4,5,1,0,0,0,0,0,36,34,4,1,2,1,0,0,0,0,0,19,19,6,2,3,1,0,0,0,0,0,24,26,1,1,0,0,0,0,0,0,0,6,3,2,2,0,0,0,0,0,0,0,10,4
302,2018-11-18,Colorado Avalanche,4,Anaheim Ducks,3,OT,GameState.OT_WIN,GameState.OT_LOSS,0,1,19,9,6,3,0,1,0,0,0,67,56,8,4,2,2,0,0,0,0,0,26,20,11,5,4,1,0,1,0,0,0,41,36,5,2,2,1,0,0,0,0,0,15,16,10,3,5,2,0,0,0,0,0,34,36,4,1,2,1,0,0,0,0,0,19,19,7,2,3,2,0,0,0,0,0,26,29,1,0,0,1,0,0,0,0,0,2,3,2,1,0,1,0,0,0,0,0,8,6,21,5,9,2,1,2,2,0,0,45,61,12,2,3,2,1,2,2,0,0,28,32,9,3,6,0,0,0,0,0,0,17,29,5,1,2,1,0,0,1,0,0,7,15,10,1,4,2,1,1,1,0,0,18,31,6,2,4,0,0,0,0,0,0,13,20,8,1,3,1,1,1,1,0,0,13,24,1,0,0,1,0,0,0,0,0,1,2,3,0,1,1,0,0,1,0,0,3,8
323,2018-11-21,Colorado Avalanche,7,Los Angeles Kings,3,,GameState.WIN,GameState.LOSS,0,1,20,9,6,3,1,1,0,0,0,71,59,8,4,2,2,0,0,0,0,0,26,20,12,5,4,1,1,1,0,0,0,45,39,5,2,1,1,1,0,0,0,0,18,15,10,3,4,2,1,0,0,0,0,38,38,4,1,2,1,0,0,0,0,0,19,19,8,2,3,2,1,0,0,0,0,30,32,1,0,0,0,1,0,0,0,0,4,3,2,0,0,1,1,0,0,0,0,6,6,20,6,12,1,0,0,1,0,0,41,61,11,4,6,1,0,0,0,0,0,25,36,9,2,6,0,0,0,1,0,0,16,25,5,1,3,0,0,0,1,0,0,8,12,10,4,5,0,0,0,1,0,0,23,25,2,0,1,0,0,0,1,0,0,5,6,9,3,5,0,0,0,1,0,0,19,22,1,1,0,0,0,0,0,0,0,2,0,3,1,1,0,0,0,1,0,0,7,6
332,2018-11-23,Colorado Avalanche,5,Arizona Coyotes,1,,GameState.WIN,GameState.LOSS,0,1,21,10,6,3,1,1,0,0,0,78,62,8,4,2,2,0,0,0,0,0,26,20,13,6,4,1,1,1,0,0,0,52,42,5,3,0,1,1,0,0,0,0,23,13,10,3,4,2,1,0,0,0,0,39,38,4,1,2,1,0,0,0,0,0,19,19,9,3,3,2,1,0,0,0,0,37,35,1,1,0,0,0,0,0,0,0,7,3,2,1,0,0,1,0,0,0,0,11,6,20,7,9,2,1,0,1,0,0,51,51,10,4,4,1,1,0,0,0,0,27,21,10,3,5,1,0,0,1,0,0,24,30,5,2,2,1,0,0,0,0,0,10,13,10,3,4,2,1,0,0,0,0,25,31,2,1,1,0,0,0,0,0,0,4,5,9,2,4,2,1,0,0,0,0,20,30,1,0,0,1,0,0,0,0,0,2,3,2,0,1,1,0,0,0,0,0,3,5
346,2018-11-24,Dallas Stars,2,Colorado Avalanche,3,,GameState.LOSS,GameState.WIN,1,0,23,10,9,2,2,0,0,0,0,66,63,12,7,3,1,1,0,0,0,0,43,32,11,3,6,1,1,0,0,0,0,23,31,5,2,2,0,1,0,0,0,0,15,13,10,3,4,2,1,0,0,0,0,26,29,6,1,4,1,0,0,0,0,0,10,17,12,4,4,2,2,0,0,0,0,32,33,2,1,1,0,0,0,0,0,0,7,9,4,2,2,0,0,0,0,0,0,14,13,22,11,6,3,1,1,0,0,0,83,63,8,4,2,2,0,0,0,0,0,26,20,14,7,4,1,1,1,0,0,0,57,43,5,3,0,1,1,0,0,0,0,24,13,10,4,3,2,1,0,0,0,0,42,36,4,1,2,1,0,0,0,0,0,19,19,10,4,3,2,1,0,0,0,0,42,36,2,2,0,0,0,0,0,0,0,12,4,3,2,0,0,1,0,0,0,0,16,7
371,2018-11-27,Colorado Avalanche,3,Nashville Predators,2,,GameState.WIN,GameState.LOSS,0,1,23,12,6,3,1,1,0,0,0,86,65,9,5,2,2,0,0,0,0,0,29,22,14,7,4,1,1,1,0,0,0,57,43,5,3,0,1,1,0,0,0,0,21,12,10,5,2,2,1,0,0,0,0,40,32,6,3,2,1,0,0,0,0,0,27,22,11,5,3,2,1,0,0,0,0,45,38,1,1,0,0,0,0,0,0,0,3,2,3,3,0,0,0,0,0,0,0,15,6,24,15,6,0,2,1,0,0,0,81,58,12,9,3,0,0,0,0,0,0,41,26,12,6,3,0,2,1,0,0,0,40,32,5,4,1,0,0,0,0,0,0,19,14,10,5,3,0,1,1,0,0,0,34,28,4,2,1,0,0,1,0,0,0,13,10,12,7,3,0,1,1,0,0,0,39,29,1,1,0,0,0,0,0,0,0,5,2,3,2,1,0,0,0,0,0,0,11,9
377,2018-11-28,Pittsburgh Penguins,3,Colorado Avalanche,6,,GameState.LOSS,GameState.WIN,1,0,23,8,8,3,2,2,0,0,0,78,74,12,4,5,2,1,0,0,0,0,38,44,11,4,3,1,1,2,0,0,0,40,30,5,3,0,2,0,0,0,0,0,18,13,10,4,4,2,0,0,0,0,0,32,29,2,1,0,1,0,0,0,0,0,5,4,13,4,6,2,0,1,0,0,0,35,42,1,1,0,0,0,0,0,0,0,4,3,3,2,0,1,0,0,0,0,0,9,7,24,13,6,3,1,1,0,0,0,89,67,9,5,2,2,0,0,0,0,0,29,22,15,8,4,1,1,1,0,0,0,60,45,5,4,0,0,1,0,0,0,0,22,11,10,6,2,1,1,0,0,0,0,37,27,6,3,2,1,0,0,0,0,0,27,22,12,6,3,2,1,0,0,0,0,48,40,1,1,0,0,0,0,0,0,0,3,2,3,3,0,0,0,0,0,0,0,11,5
391,2018-11-30,St. Louis Blues,3,Colorado Avalanche,2,OT,GameState.OT_WIN,GameState.OT_LOSS,0,1,23,8,12,3,0,0,0,0,0,70,77,14,6,7,1,0,0,0,0,0,49,50,9,2,5,2,0,0,0,0,0,21,27,5,1,4,0,0,0,0,0,0,14,20,10,3,7,0,0,0,0,0,0,24,29,6,2,3,1,0,0,0,0,0,19,22,13,5,8,0,0,0,0,0,0,34,38,1,0,1,0,0,0,0,0,0,3,4,2,0,2,0,0,0,0,0,0,7,12,25,14,6,3,1,1,0,0,0,95,70,10,6,2,2,0,0,0,0,0,35,25,15,8,4,1,1,1,0,0,0,60,45,5,5,0,0,0,0,0,0,0,24,11,10,7,1,1,1,0,0,0,0,42,26,8,5,2,1,0,0,0,0,0,36,27,13,7,3,2,1,0,0,0,0,54,43,2,2,0,0,0,0,0,0,0,9,5,3,3,0,0,0,0,0,0,0,12,7
407,2018-12-02,Colorado Avalanche,2,Detroit Red Wings,0,,GameState.WIN,GameState.LOSS,0,1,26,14,6,4,1,1,0,0,0,97,73,11,6,2,3,0,0,0,0,0,37,28,15,8,4,1,1,1,0,0,0,60,45,5,4,0,1,0,0,0,0,0,19,11,10,7,0,2,1,0,0,0,0,42,24,8,5,2,1,0,0,0,0,0,36,27,0,0,0,0,0,0,0,0,0,0,0,1,0,0,1,0,0,0,0,0,2,3,3,2,0,1,0,0,0,0,0,11,8,26,6,11,1,4,2,2,0,0,76,85,14,4,5,1,2,1,1,0,0,44,42,12,2,6,0,2,1,1,0,0,32,43,5,2,2,0,0,1,0,0,0,16,18,10,3,3,0,2,1,1,0,0,33,28,6,0,2,0,1,2,1,0,0,14,18,1,1,0,0,0,0,0,0,0,4,2,1,1,0,0,0,0,0,0,0,4,2,3,2,1,0,0,0,0,0,0,13,12
422,2018-12-04,Colorado Avalanche,3,Pittsburgh Penguins,6,,GameState.LOSS,GameState.WIN,1,0,27,15,6,4,1,1,0,0,0,99,73,11,6,2,3,0,0,0,0,0,37,28,16,9,4,1,1,1,0,0,0,62,45,5,4,0,1,0,0,0,0,0,16,10,10,7,0,2,1,0,0,0,0,40,23,8,5,2,1,0,0,0,0,0,36,27,1,1,0,0,0,0,0,0,0,2,0,1,1,0,0,0,0,0,0,0,2,0,3,2,0,1,0,0,0,0,0,10,6,25,8,10,3,2,2,0,0,0,83,84,13,4,6,2,1,0,0,0,0,40,48,12,4,4,1,1,2,0,0,0,43,36,5,2,2,1,0,0,0,0,0,14,17,10,3,5,2,0,0,0,0,0,32,37,4,2,1,1,0,0,0,0,0,12,13,1,0,1,0,0,0,0,0,0,2,4,1,0,1,0,0,0,0,0,0,2,4,2,0,2,0,0,0,0,0,0,5,10
430,2018-12-06,Colorado Avalanche,5,Florida Panthers,2,,GameState.WIN,GameState.LOSS,0,1,28,15,7,4,1,1,0,0,0,102,79,11,6,2,3,0,0,0,0,0,37,28,17,9,5,1,1,1,0,0,0,65,51,5,3,1,1,0,0,0,0,0,16,14,10,6,1,2,1,0,0,0,0,37,26,8,5,2,1,0,0,0,0,0,36,27,2,1,1,0,0,0,0,0,0,5,6,1,0,1,0,0,0,0,0,0,3,6,3,1,1,1,0,0,0,0,0,7,9,26,7,10,3,3,2,1,0,0,87,91,13,4,4,3,2,0,0,0,0,46,38,13,3,6,0,1,2,1,0,0,41,53,5,1,1,1,2,0,0,0,0,18,13,10,2,4,2,2,0,0,0,0,35,38,12,3,3,3,2,0,1,0,0,41,41,2,1,0,1,0,0,0,0,0,9,5,1,1,0,0,0,0,0,0,0,5,0,3,1,0,1,1,0,0,0,0,12,7
452,2018-12-08,Colorado Avalanche,1,Tampa Bay Lightning,7,,GameState.LOSS,GameState.WIN,1,0,29,16,7,4,1,1,0,0,0,107,81,11,6,2,3,0,0,0,0,0,37,28,18,10,5,1,1,1,0,0,0,70,53,5,3,1,1,0,0,0,0,0,18,14,10,7,1,1,1,0,0,0,0,40,25,8,5,2,1,0,0,0,0,0,36,27,3,2,1,0,0,0,0,0,0,10,8,1,1,0,0,0,0,0,0,0,5,2,3,2,1,0,0,0,0,0,0,10,8,30,17,7,1,3,0,2,0,0,117,87,16,11,4,0,0,0,1,0,0,65,43,14,6,3,1,3,0,1,0,0,52,44,5,3,0,0,1,0,1,0,0,24,16,10,6,2,0,1,0,1,0,0,43,29,8,4,1,1,1,0,1,0,0,33,27,4,2,0,0,1,0,1,0,0,19,12,1,1,0,0,0,0,0,0,0,3,2,3,2,0,0,0,0,1,0,0,14,8
468,2018-12-11,Edmonton Oilers,6,Colorado Avalanche,4,,GameState.WIN,GameState.LOSS,0,1,30,10,12,2,5,0,1,0,0,82,87,14,7,4,1,2,0,0,0,0,43,33,16,3,8,1,3,0,1,0,0,39,54,5,3,1,0,0,0,1,0,0,14,9,10,4,2,1,2,0,1,0,0,25,21,6,1,4,0,1,0,0,0,0,16,23,5,3,1,0,0,0,1,0,0,14,9,1,1,0,0,0,0,0,0,0,1,0,3,2,0,0,0,0,1,0,0,11,4,30,16,8,4,1,1,0,0,0,108,88,11,6,2,3,0,0,0,0,0,37,28,19,10,6,1,1,1,0,0,0,71,60,5,2,2,1,0,0,0,0,0,13,18,10,7,2,1,0,0,0,0,0,37,29,8,5,2,1,0,0,0,0,0,36,27,4,2,2,0,0,0,0,0,0,11,15,1,0,1,0,0,0,0,0,0,1,7,2,1,1,0,0,0,0,0,0,6,9
493,2018-12-14,Colorado Avalanche,3,St. Louis Blues,4,OT,GameState.OT_LOSS,GameState.OT_WIN,1,0,31,16,9,4,1,1,0,0,0,112,94,12,6,3,3,0,0,0,0,0,41,34,19,10,6,1,1,1,0,0,0,71,60,5,2,3,0,0,0,0,0,0,15,21,10,6,3,1,0,0,0,0,0,34,32,8,5,2,1,0,0,0,0,0,36,27,5,2,3,0,0,0,0,0,0,15,21,1,0,1,0,0,0,0,0,0,4,6,2,0,2,0,0,0,0,0,0,5,13,29,10,14,3,1,1,0,0,0,82,97,17,7,8,1,0,1,0,0,0,56,62,12,3,6,2,1,0,0,0,0,26,35,5,2,2,0,0,1,0,0,0,9,18,10,3,5,0,1,1,0,0,0,26,38,8,2,4,1,1,0,0,0,0,23,30,5,2,2,0,0,1,0,0,0,9,18,1,1,0,0,0,0,0,0,0,4,3,2,1,1,0,0,0,0,0,0,5,9
495,2018-12-15,Dallas Stars,4,Colorado Avalanche,6,,GameState.LOSS,GameState.WIN,1,0,32,13,13,3,3,0,0,0,0,88,87,14,9,3,1,1,0,0,0,0,50,35,18,4,10,2,2,0,0,0,0,38,52,5,2,3,0,0,0,0,0,0,14,16,10,4,4,1,1,0,0,0,0,28,28,12,2,7,2,1,0,0,0,0,27,37,6,3,3,0,0,0,0,0,0,16,17,2,0,2,0,0,0,0,0,0,5,9,3,0,3,0,0,0,0,0,0,7,13,32,16,9,5,1,1,0,0,0,115,98,12,6,3,3,0,0,0,0,0,41,34,20,10,6,2,1,1,0,0,0,74,64,5,1,3,1,0,0,0,0,0,16,25,10,5,3,2,0,0,0,0,0,32,35,8,5,2,1,0,0,0,0,0,36,27,6,2,3,1,0,0,0,0,0,18,25,1,0,0,1,0,0,0,0,0,3,4,2,0,1,1,0,0,0,0,0,7,10
512,2018-12-17,New York Islanders,4,Colorado Avalanche,1,,GameState.WIN,GameState.LOSS,0,1,31,11,12,1,2,3,2,0,0,89,91,16,6,5,1,0,2,2,0,0,48,44,15,5,7,0,2,1,0,0,0,41,47,5,1,2,0,0,1,1,0,0,12,16,10,3,4,0,0,2,1,0,0,22,28,6,4,1,0,1,0,0,0,0,24,12,7,2,3,0,0,1,1,0,0,16,21,1,0,0,0,0,0,1,0,0,4,3,2,0,1,0,0,0,1,0,0,6,6,33,17,9,5,1,1,0,0,0,121,102,13,7,3,3,0,0,0,0,0,47,38,20,10,6,2,1,1,0,0,0,74,64,5,2,2,1,0,0,0,0,0,19,23,10,5,3,2,0,0,0,0,0,35,37,10,6,2,2,0,0,0,0,0,45,35,7,3,3,1,0,0,0,0,0,24,29,2,1,0,1,0,0,0,0,0,9,8,3,1,1,1,0,0,0,0,0,13,14
527,2018-12-19,Montreal Canadiens,1,Colorado Avalanche,2,,GameState.LOSS,GameState.WIN,1,0,34,15,12,5,0,0,2,0,0,108,111,19,9,7,2,0,0,1,0,0,64,62,15,6,5,3,0,0,1,0,0,44,49,5,3,2,0,0,0,0,0,0,15,19,10,6,4,0,0,0,0,0,0,32,30,6,1,3,1,0,0,1,0,0,17,19,9,6,3,0,0,0,0,0,0,31,28,1,0,1,0,0,0,0,0,0,0,4,3,2,1,0,0,0,0,0,0,11,10,34,17,10,5,1,1,0,0,0,122,106,14,7,4,3,0,0,0,0,0,48,42,20,10,6,2,1,1,0,0,0,74,64,5,1,3,1,0,0,0,0,0,15,25,10,4,4,2,0,0,0,0,0,33,39,10,6,2,2,0,0,0,0,0,45,35,8,3,4,1,0,0,0,0,0,25,33,1,0,1,0,0,0,0,0,0,1,4,3,1,1,1,0,0,0,0,0,10,12
541,2018-12-21,Chicago Blackhawks,2,Colorado Avalanche,1,,GameState.WIN,GameState.LOSS,0,1,37,8,19,5,4,1,0,0,0,106,138,18,6,7,3,1,1,0,0,0,51,60,19,2,12,2,3,0,0,0,0,55,78,5,3,1,1,0,0,0,0,0,19,17,10,3,6,1,0,0,0,0,0,31,37,16,2,10,2,2,0,0,0,0,49,68,11,3,7,1,0,0,0,0,0,33,42,2,2,0,0,0,0,0,0,0,7,3,3,2,1,0,0,0,0,0,0,10,10,35,18,10,5,1,1,0,0,0,124,107,15,8,4,3,0,0,0,0,0,50,43,20,10,6,2,1,1,0,0,0,74,64,5,2,2,1,0,0,0,0,0,16,19,10,4,4,2,0,0,0,0,0,29,37,10,6,2,2,0,0,0,0,0,45,35,9,4,4,1,0,0,0,0,0,27,34,1,1,0,0,0,0,0,0,0,2,1,3,2,1,0,0,0,0,0,0,9,9
544,2018-12-22,Colorado Avalanche,4,Arizona Coyotes,6,,GameState.LOSS,GameState.WIN,1,0,36,18,11,5,1,1,0,0,0,125,109,16,8,5,3,0,0,0,0,0,51,45,20,10,6,2,1,1,0,0,0,74,64,5,2,2,1,0,0,0,0,0,13,15,10,4,5,1,0,0,0,0,0,28,36,10,6,2,2,0,0,0,0,0,45,35,10,4,5,1,0,0,0,0,0,28,36,2,1,1,0,0,0,0,0,0,3,3,3,1,2,0,0,0,0,0,0,4,7,34,11,18,2,2,0,1,0,0,83,94,17,5,10,1,1,0,0,0,0,42,47,17,6,8,1,1,0,1,0,0,41,47,5,0,4,0,1,0,0,0,0,7,14,10,2,7,0,1,0,0,0,0,23,29,4,1,2,0,1,0,0,0,0,9,11,10,2,7,0,1,0,0,0,0,23,29,1,0,1,0,0,0,0,0,0,1,2,3,0,3,0,0,0,0,0,0,2,8
576,2018-12-27,Colorado Avalanche,1,Vegas Golden Knights,2,,GameState.LOSS,GameState.WIN,1,0,37,18,12,5,1,1,0,0,0,129,115,16,8,5,3,0,0,0,0,0,51,45,21,10,7,2,1,1,0,0,0,78,70,5,2,3,0,0,0,0,0,0,14,17,10,3,6,1,0,0,0,0,0,30,42,12,6,4,2,0,0,0,0,0,50,43,11,4,6,1,0,0,0,0,0,32,42,0,0,0,0,0,0,0,0,0,0,0,2,0,2,0,0,0,0,0,0,5,8,39,16,15,3,3,1,1,0,0,117,112,17,10,3,2,1,1,0,0,0,57,38,22,6,12,1,2,0,1,0,0,60,74,5,1,1,2,1,0,0,0,0,14,14,10,4,2,3,1,0,0,0,0,30,31,14,4,7,2,1,0,0,0,0,40,47,12,5,3,3,1,0,0,0,0,36,36,0,0,0,0,0,0,0,0,0,0,0,2,0,0,2,0,0,0,0,0,6,8
585,2018-12-29,Chicago Blackhawks,3,Colorado Avalanche,2,OT,GameState.OT_WIN,GameState.OT_LOSS,0,1,40,10,20,5,4,1,0,0,0,116,147,20,7,8,3,1,1,0,0,0,59,68,20,3,12,2,3,0,0,0,0,57,79,5,4,1,0,0,0,0,0,0,17,12,10,5,4,1,0,0,0,0,0,34,35,18,4,10,2,2,0,0,0,0,56,71,14,5,8,1,0,0,0,0,0,43,51,1,1,0,0,0,0,0,0,0,5,2,2,1,1,0,0,0,0,0,0,8,8,38,18,13,5,1,1,0,0,0,130,117,16,8,5,3,0,0,0,0,0,51,45,22,10,8,2,1,1,0,0,0,79,72,5,1,4,0,0,0,0,0,0,9,15,10,3,6,1,0,0,0,0,0,28,38,12,6,4,2,0,0,0,0,0,50,43,12,4,7,1,0,0,0,0,0,33,44,1,0,1,0,0,0,0,0,0,1,2,1,0,1,0,0,0,0,0,0,1,2
603,2018-12-31,Los Angeles Kings,3,Colorado Avalanche,2,OT,GameState.OT_WIN,GameState.OT_LOSS,0,1,39,11,21,3,3,0,1,0,0,89,117,21,9,11,1,0,0,0,0,0,53,64,18,2,10,2,3,0,1,0,0,36,53,5,2,1,0,2,0,0,0,0,14,11,10,3,3,2,2,0,0,0,0,27,27,10,1,5,1,2,0,1,0,0,26,31,13,4,5,2,2,0,0,0,0,33,35,1,0,1,0,0,0,0,0,0,1,4,2,1,1,0,0,0,0,0,0,3,5,39,18,13,6,1,1,0,0,0,132,120,17,8,5,4,0,0,0,0,0,53,48,22,10,8,2,1,1,0,0,0,79,72,5,1,3,1,0,0,0,0,0,10,14,10,2,6,2,0,0,0,0,0,25,39,12,6,4,2,0,0,0,0,0,50,43,13,4,7,2,0,0,0,0,0,35,47,1,0,0,1,0,0,0,0,0,2,3,2,0,1,1,0,0,0,0,0,3,5
615,2019-01-02,San Jose Sharks,5,Colorado Avalanche,4,,GameState.WIN,GameState.LOSS,0,1,41,18,13,4,3,3,0,0,0,140,129,20,11,4,2,1,2,0,0,0,70,54,21,7,9,2,2,1,0,0,0,70,75,5,2,1,1,0,1,0,0,0,21,21,10,6,2,1,0,1,0,0,0,43,33,14,4,7,2,0,1,0,0,0,37,48,0,0,0,0,0,0,0,0,0,0,0,1,0,1,0,0,0,0,0,0,5,8,3,2,1,0,0,0,0,0,0,16,14,40,18,13,7,1,1,0,0,0,134,123,18,8,5,5,0,0,0,0,0,55,51,22,10,8,2,1,1,0,0,0,79,72,5,0,3,2,0,0,0,0,0,10,16,10,2,5,3,0,0,0,0,0,26,35,12,6,4,2,0,0,0,0,0,50,43,0,0,0,0,0,0,0,0,0,0,0,1,0,0,1,0,0,0,0,0,2,3,3,0,1,2,0,0,0,0,0,5,8
631,2019-01-04,New York Rangers,1,Colorado Avalanche,6,,GameState.LOSS,GameState.WIN,1,0,39,11,15,5,1,2,5,0,0,113,130,21,9,5,3,1,2,1,0,0,62,57,18,2,10,2,0,0,4,0,0,51,73,5,2,1,1,0,1,0,0,0,13,18,10,3,3,3,0,1,0,0,0,28,38,12,0,6,2,0,2,2,0,0,32,50,1,0,1,0,0,0,0,0,0,2,7,1,0,1,0,0,0,0,0,0,2,7,3,2,1,0,0,0,0,0,0,8,11,41,18,14,7,1,1,0,0,0,138,128,19,8,6,5,0,0,0,0,0,59,56,22,10,8,2,1,1,0,0,0,79,72,5,0,3,2,0,0,0,0,0,13,19,10,2,5,3,0,0,0,0,0,26,34,12,6,4,2,0,0,0,0,0,50,43,1,0,1,0,0,0,0,0,0,4,5,1,0,1,0,0,0,0,0,0,4,5,3,0,1,2,0,0,0,0,0,8,11
665,2019-01-08,Colorado Avalanche,4,Winnipeg Jets,7,,GameState.LOSS,GameState.WIN,1,0,42,19,14,7,1,1,0,0,0,144,129,20,9,6,5,0,0,0,0,0,65,57,22,10,8,2,1,1,0,0,0,79,72,5,1,2,2,0,0,0,0,0,15,14,10,3,5,2,0,0,0,0,0,29,31,12,6,4,2,0,0,0,0,0,50,43,2,1,1,0,0,0,0,0,0,10,6,0,0,0,0,0,0,0,0,0,0,0,2,1,1,0,0,0,0,0,0,10,6,41,20,13,1,5,1,1,0,0,139,116,22,11,6,1,3,1,0,0,0,80,60,19,9,7,0,2,0,1,0,0,59,56,5,2,3,0,0,0,0,0,0,11,15,10,4,4,0,2,0,0,0,0,27,29,10,3,3,0,3,0,1,0,0,37,31,2,1,1,0,0,0,0,0,0,5,5,1,1,0,0,0,0,0,0,0,5,1,2,1,1,0,0,0,0,0,0,5,5
668,2019-01-09,Colorado Avalanche,3,Calgary Flames,5,,GameState.LOSS,GameState.WIN,1,0,43,19,15,7,1,1,0,0,0,148,136,20,9,6,5,0,0,0,0,0,65,57,23,10,9,2,1,1,0,0,0,83,79,5,1,2,2,0,0,0,0,0,18,19,10,2,6,2,0,0,0,0,0,27,34,12,6,4,2,0,0,0,0,0,50,43,3,1,2,0,0,0,0,0,0,14,13,1,0,1,0,0,0,0,0,0,4,7,2,1,1,0,0,0,0,0,0,10,8,44,23,13,2,4,2,0,0,0,157,126,20,11,4,2,1,2,0,0,0,84,70,24,12,9,0,3,0,0,0,0,73,56,5,3,1,0,1,0,0,0,0,24,19,10,4,3,1,1,1,0,0,0,35,33,10,6,3,0,1,0,0,0,0,30,20,4,2,1,0,1,0,0,0,0,16,14,1,1,0,0,0,0,0,0,0,4,3,3,1,1,0,1,0,0,0,0,11,11
692,2019-01-12,Colorado Avalanche,0,Montreal Canadiens,3,,GameState.LOSS,GameState.WIN,1,0,44,19,16,7,1,1,0,0,0,151,141,20,9,6,5,0,0,0,0,0,65,57,24,10,10,2,1,1,0,0,0,86,84,5,1,3,1,0,0,0,0,0,19,21,10,2,6,2,0,0,0,0,0,29,35,14,6,6,2,0,0,0,0,0,57,55,4,1,3,0,0,0,0,0,0,17,18,1,0,1,0,0,0,0,0,0,3,5,2,0,2,0,0,0,0,0,0,7,12,45,19,17,5,2,0,2,0,0,135,139,22,10,9,2,0,0,1,0,0,67,67,23,9,8,3,2,0,1,0,0,68,72,5,2,3,0,0,0,0,0,0,7,11,10,4,4,0,2,0,0,0,0,26,26,12,4,6,1,0,0,1,0,0,33,34,5,2,3,0,0,0,0,0,0,7,11,1,0,1,0,0,0,0,0,0,1,4,3,1,2,0,0,0,0,0,0,4,7
708,2019-01-14,Colorado Avalanche,6,Toronto Maple Leafs,3,,GameState.WIN,GameState.LOSS,0,1,45,19,17,7,1,1,0,0,0,151,144,20,9,6,5,0,0,0,0,0,65,57,25,10,11,2,1,1,0,0,0,86,87,5,1,4,0,0,0,0,0,0,17,21,10,1,7,2,0,0,0,0,0,27,37,14,6,6,2,0,0,0,0,0,57,55,5,1,4,0,0,0,0,0,0,17,21,1,0,1,0,0,0,0,0,0,0,3,3,0,3,0,0,0,0,0,0,7,15,44,23,14,2,5,0,0,0,0,158,122,23,11,9,1,2,0,0,0,0,74,59,21,12,5,1,3,0,0,0,0,84,63,5,2,3,0,0,0,0,0,0,14,13,10,5,4,0,1,0,0,0,0,34,27,12,5,4,0,3,0,0,0,0,46,38,5,2,3,0,0,0,0,0,0,14,13,1,0,1,0,0,0,0,0,0,2,3,2,1,1,0,0,0,0,0,0,6,5
722,2019-01-16,Colorado Avalanche,2,Ottawa Senators,5,,GameState.LOSS,GameState.WIN,1,0,46,20,17,7,1,1,0,0,0,157,147,20,9,6,5,0,0,0,0,0,65,57,26,11,11,2,1,1,0,0,0,92,90,5,2,3,0,0,0,0,0,0,19,19,10,2,6,2,0,0,0,0,0,32,38,14,6,6,2,0,0,0,0,0,57,55,6,2,4,0,0,0,0,0,0,23,24,1,1,0,0,0,0,0,0,0,6,3,2,1,1,0,0,0,0,0,0,6,6,46,13,24,5,4,0,0,0,0,143,178,24,8,9,4,3,0,0,0,0,81,79,22,5,15,1,1,0,0,0,0,62,99,5,1,3,0,1,0,0,0,0,14,15,10,1,7,1,1,0,0,0,0,25,38,18,4,10,2,2,0,0,0,0,47,68,6,1,3,1,1,0,0,0,0,17,19,0,0,0,0,0,0,0,0,0,0,0,2,1,1,0,0,0,0,0,0,5,5
740,2019-01-19,Los Angeles Kings,1,Colorado Avalanche,7,,GameState.LOSS,GameState.WIN,1,0,48,14,25,3,4,1,1,0,0,109,140,25,11,13,1,0,0,0,0,0,65,76,23,3,12,2,4,1,1,0,0,44,64,5,2,2,0,0,1,0,0,0,11,13,10,3,5,0,1,1,0,0,0,21,27,12,1,6,1,3,0,1,0,0,29,35,8,3,4,0,0,1,0,0,0,17,21,1,1,0,0,0,0,0,0,0,2,1,2,1,0,0,0,1,0,0,0,4,4,47,20,18,7,1,1,0,0,0,159,152,20,9,6,5,0,0,0,0,0,65,57,27,11,12,2,1,1,0,0,0,94,95,5,1,4,0,0,0,0,0,0,15,23,10,2,6,2,0,0,0,0,0,30,37,14,6,6,2,0,0,0,0,0,57,55,7,2,5,0,0,0,0,0,0,25,29,1,0,1,0,0,0,0,0,0,2,5,2,1,1,0,0,0,0,0,0,8,8
755,2019-01-21,Nashville Predators,4,Colorado Avalanche,1,,GameState.WIN,GameState.LOSS,0,1,50,23,18,3,4,1,1,0,0,155,133,25,14,9,0,1,0,1,0,0,76,57,25,9,9,3,3,1,0,0,0,79,76,5,1,3,1,0,0,0,0,0,16,21,10,4,3,2,1,0,0,0,0,35,29,12,5,2,3,1,1,0,0,0,41,31,10,4,3,2,1,0,0,0,0,35,29,1,0,1,0,0,0,0,0,0,2,4,3,1,2,0,0,0,0,0,0,10,11,48,21,18,7,1,1,0,0,0,166,153,21,10,6,5,0,0,0,0,0,72,58,27,11,12,2,1,1,0,0,0,94,95,5,2,3,0,0,0,0,0,0,18,17,10,3,5,2,0,0,0,0,0,36,36,14,6,6,2,0,0,0,0,0,57,55,8,3,5,0,0,0,0,0,0,32,30,1,1,0,0,0,0,0,0,0,7,1,2,1,1,0,0,0,0,0,0,9,6
765,2019-01-23,Minnesota Wild,5,Colorado Avalanche,2,,GameState.WIN,GameState.LOSS,0,1,49,22,21,2,2,1,1,0,0,137,140,25,10,9,2,2,1,1,0,0,75,69,24,12,12,0,0,0,0,0,0,62,71,5,2,2,0,0,0,1,0,0,13,15,10,5,4,0,0,0,1,0,0,23,29,16,6,8,0,1,0,1,0,0,39,48,11,6,4,0,0,0,1,0,0,27,32,1,1,0,0,0,0,0,0,0,4,2,3,2,1,0,0,0,0,0,0,6,6,49,21,19,7,1,1,0,0,0,167,157,22,10,7,5,0,0,0,0,0,73,62,27,11,12,2,1,1,0,0,0,94,95,5,2,3,0,0,0,0,0,0,16,16,10,3,6,1,0,0,0,0,0,35,37,14,6,6,2,0,0,0,0,0,57,55,9,3,6,0,0,0,0,0,0,33,34,1,0,1,0,0,0,0,0,0,1,4,2,1,1,0,0,0,0,0,0,8,5
789,2019-02-02,Vancouver Canucks,5,Colorado Avalanche,1,,GameState.WIN,GameState.LOSS,0,1,51,17,22,3,5,3,1,0,0,147,161,25,10,10,2,2,1,0,0,0,77,74,26,7,12,1,3,2,1,0,0,70,87,5,3,1,0,0,1,0,0,0,16,14,10,3,4,1,1,1,0,0,0,23,32,10,3,5,0,1,0,1,0,0,24,27,0,0,0,0,0,0,0,0,0,0,0,0,0,0,0,0,0,0,0,0,0,0,0,0,0,0,0,0,0,0,0,0,0,50,21,20,7,1,1,0,0,0,169,162,23,10,8,5,0,0,0,0,0,75,67,27,11,12,2,1,1,0,0,0,94,95,5,2,3,0,0,0,0,0,0,18,18,10,3,7,0,0,0,0,0,0,35,39,14,6,6,2,0,0,0,0,0,57,55,0,0,0,0,0,0,0,0,0,0,0,0,0,0,0,0,0,0,0,0,0,0,0,0,0,0,0,0,0,0,0,0,0
810,2019-02-05,Columbus Blue Jackets,6,Colorado Avalanche,3,,GameState.WIN,GameState.LOSS,0,1,51,21,20,2,7,1,0,0,0,163,159,27,12,11,1,2,1,0,0,0,91,87,24,9,9,1,5,0,0,0,0,72,72,5,0,5,0,0,0,0,0,0,11,19,10,2,6,0,2,0,0,0,0,28,33,18,5,7,1,4,1,0,0,0,49,53,1,0,1,0,0,0,0,0,0,2,4,1,0,1,0,0,0,0,0,0,2,4,2,0,2,0,0,0,0,0,0,5,8,51,21,21,7,1,1,0,0,0,170,167,24,10,9,5,0,0,0,0,0,76,72,27,11,12,2,1,1,0,0,0,94,95,5,1,4,0,0,0,0,0,0,13,20,10,3,7,0,0,0,0,0,0,32,39,14,6,6,2,0,0,0,0,0,57,55,1,0,1,0,0,0,0,0,0,1,5,1,0,1,0,0,0,0,0,0,1,5,1,0,1,0,0,0,0,0,0,1,5
835,2019-02-07,Colorado Avalanche,3,Washington Capitals,4,OT,GameState.OT_LOSS,GameState.OT_WIN,1,0,52,21,22,7,1,1,0,0,0,173,173,25,10,10,5,0,0,0,0,0,79,78,27,11,12,2,1,1,0,0,0,94,95,5,1,4,0,0,0,0,0,0,14,21,10,2,8,0,0,0,0,0,0,29,44,14,6,6,2,0,0,0,0,0,57,55,2,0,2,0,0,0,0,0,0,4,11,1,0,1,0,0,0,0,0,0,3,6,2,0,2,0,0,0,0,0,0,4,11,53,23,18,5,3,1,3,0,0,178,168,28,13,9,3,1,1,1,0,0,91,79,25,10,9,2,2,0,2,0,0,87,89,5,2,2,1,0,0,0,0,0,16,19,10,2,6,2,0,0,0,0,0,25,42,18,7,6,3,0,0,2,0,0,63,64,3,2,1,0,0,0,0,0,0,7,6,1,1,0,0,0,0,0,0,0,3,2,3,2,1,0,0,0,0,0,0,7,6
843,2019-02-09,Colorado Avalanche,3,New York Islanders,4,OT,GameState.OT_LOSS,GameState.OT_WIN,1,0,53,21,22,8,1,1,0,0,0,176,177,25,10,10,5,0,0,0,0,0,79,78,28,11,12,3,1,1,0,0,0,97,99,5,0,4,1,0,0,0,0,0,10,24,10,2,7,1,0,0,0,0,0,28,41,14,6,6,2,0,0,0,0,0,57,55,3,0,2,1,0,0,0,0,0,7,15,1,0,0,1,0,0,0,0,0,3,4,2,0,1,1,0,0,0,0,0,6,10,53,24,16,1,4,5,3,0,0,154,129,26,11,7,1,2,3,2,0,0,79,61,27,13,9,0,2,2,1,0,0,75,68,5,1,1,0,0,2,1,0,0,9,10,10,5,1,0,1,2,1,0,0,25,13,16,12,2,0,1,1,0,0,0,57,24,4,1,1,0,0,1,1,0,0,7,7,1,0,0,0,0,0,1,0,0,2,1,2,0,1,0,0,0,1,0,0,3,4
851,2019-02-10,Colorado Avalanche,1,Boston Bruins,2,OT,GameState.OT_LOSS,GameState.OT_WIN,1,0,54,21,22,9,1,1,0,0,0,179,181,25,10,10,5,0,0,0,0,0,79,78,29,11,12,4,1,1,0,0,0,100,103,5,0,3,2,0,0,0,0,0,12,24,10,2,6,2,0,0,0,0,0,28,40,14,6,6,2,0,0,0,0,0,57,55,4,0,2,2,0,0,0,0,0,10,19,2,0,0,2,0,0,0,0,0,6,8,3,0,1,2,0,0,0,0,0,9,14,55,24,17,6,5,2,1,0,0,160,144,29,15,7,2,3,1,1,0,0,101,73,26,9,10,4,2,1,0,0,0,59,71,5,2,0,1,1,1,0,0,0,14,12,10,3,2,2,1,2,0,0,0,29,28,20,10,5,2,2,1,0,0,0,60,48,4,2,0,0,1,1,0,0,0,12,9,1,0,0,0,1,0,0,0,0,5,4,3,1,0,0,1,1,0,0,0,11,9
865,2019-02-12,Toronto Maple Leafs,5,Colorado Avalanche,2,,GameState.WIN,GameState.LOSS,0,1,55,28,18,3,6,0,0,0,0,195,157,29,15,11,1,2,0,0,0,0,99,79,26,13,7,2,4,0,0,0,0,96,78,5,3,1,0,1,0,0,0,0,19,14,10,5,3,1,1,0,0,0,0,34,29,18,7,6,1,4,0,0,0,0,61,55,6,3,1,1,1,0,0,0,0,21,17,2,0,1,0,1,0,0,0,0,5,7,3,1,1,0,1,0,0,0,0,10,11,55,21,22,10,1,1,0,0,0,180,183,25,10,10,5,0,0,0,0,0,79,78,30,11,12,5,1,1,0,0,0,101,105,5,0,2,3,0,0,0,0,0,11,21,10,2,5,3,0,0,0,0,0,29,39,16,6,6,4,0,0,0,0,0,61,61,5,0,2,3,0,0,0,0,0,11,21,2,0,0,2,0,0,0,0,0,4,6,3,0,0,3,0,0,0,0,0,7,10
886,2019-02-14,Colorado Avalanche,4,Winnipeg Jets,1,,GameState.WIN,GameState.LOSS,0,1,56,21,23,10,1,1,0,0,0,182,188,26,10,11,5,0,0,0,0,0,81,83,30,11,12,5,1,1,0,0,0,101,105,5,0,2,3,0,0,0,0,0,12,21,10,1,6,3,0,0,0,0,0,25,41,16,6,6,4,0,0,0,0,0,61,61,6,0,3,3,0,0,0,0,0,13,26,1,0,1,0,0,0,0,0,0,2,5,3,0,1,2,0,0,0,0,0,6,11,57,28,18,2,6,1,2,0,0,198,163,30,17,6,2,4,1,0,0,0,118,82,27,11,12,0,2,0,2,0,0,80,81,5,2,2,1,0,0,0,0,0,13,17,10,4,4,1,0,0,1,0,0,33,33,16,5,6,0,3,0,2,0,0,53,48,6,3,2,1,0,0,0,0,0,22,20,1,1,0,0,0,0,0,0,0,4,3,3,2,1,0,0,0,0,0,0,9,9
894,2019-02-16,St. Louis Blues,3,Colorado Avalanche,0,,GameState.WIN,GameState.LOSS,0,1,56,25,22,4,4,1,0,0,0,167,162,29,13,13,1,1,1,0,0,0,95,98,27,12,9,3,3,0,0,0,0,72,64,5,3,0,0,2,0,0,0,0,21,9,10,7,1,0,2,0,0,0,0,39,20,14,5,5,2,2,0,0,0,0,40,42,7,5,0,0,2,0,0,0,0,28,13,1,1,0,0,0,0,0,0,0,4,0,3,2,0,0,1,0,0,0,0,17,7,57,22,23,10,1,1,0,0,0,186,189,26,10,11,5,0,0,0,0,0,81,83,31,12,12,5,1,1,0,0,0,105,106,5,1,1,3,0,0,0,0,0,13,16,10,2,5,3,0,0,0,0,0,27,37,16,6,6,4,0,0,0,0,0,61,61,7,1,3,3,0,0,0,0,0,17,27,1,1,0,0,0,0,0,0,0,4,1,3,1,1,1,0,0,0,0,0,7,8
912,2019-02-18,Vegas Golden Knights,0,Colorado Avalanche,3,,GameState.LOSS,GameState.WIN,1,0,60,26,24,3,4,1,2,0,0,180,169,29,16,9,2,1,1,0,0,0,93,71,31,10,15,1,3,0,2,0,0,87,98,5,2,3,0,0,0,0,0,0,17,19,10,2,7,0,0,0,1,0,0,26,35,18,6,9,2,1,0,0,0,0,52,57,8,2,5,0,0,0,1,0,0,23,29,1,1,0,0,0,0,0,0,0,5,1,3,1,2,0,0,0,0,0,0,10,12,58,22,24,10,1,1,0,0,0,186,192,27,10,12,5,0,0,0,0,0,81,86,31,12,12,5,1,1,0,0,0,105,106,5,1,2,2,0,0,0,0,0,10,15,10,1,6,3,0,0,0,0,0,20,39,16,6,6,4,0,0,0,0,0,61,61,8,1,4,3,0,0,0,0,0,17,30,1,0,1,0,0,0,0,0,0,0,3,3,1,2,0,0,0,0,0,0,6,9
925,2019-02-20,Winnipeg Jets,1,Colorado Avalanche,7,,GameState.LOSS,GameState.WIN,1,0,59,28,19,3,6,1,2,0,0,202,171,32,17,7,3,4,1,0,0,0,122,90,27,11,12,0,2,0,2,0,0,80,81,5,2,2,1,0,0,0,0,0,13,17,10,4,3,2,0,0,1,0,0,34,34,16,5,6,0,3,0,2,0,0,53,48,8,3,3,2,0,0,0,0,0,26,28,0,0,0,0,0,0,0,0,0,0,0,2,0,1,1,0,0,0,0,0,4,8,59,23,24,10,1,1,0,0,0,189,192,28,11,12,5,0,0,0,0,0,84,86,31,12,12,5,1,1,0,0,0,105,106,5,2,2,1,0,0,0,0,0,10,11,10,2,5,3,0,0,0,0,0,22,35,16,6,6,4,0,0,0,0,0,61,61,9,2,4,3,0,0,0,0,0,20,30,1,1,0,0,0,0,0,0,0,3,0,3,2,1,0,0,0,0,0,0,7,4
940,2019-02-22,Colorado Avalanche,5,Chicago Blackhawks,3,,GameState.WIN,GameState.LOSS,0,1,60,24,24,10,1,1,0,0,0,196,193,29,12,12,5,0,0,0,0,0,91,87,31,12,12,5,1,1,0,0,0,105,106,5,3,2,0,0,0,0,0,0,16,10,10,3,4,3,0,0,0,0,0,27,31,16,6,6,4,0,0,0,0,0,61,61,10,3,4,3,0,0,0,0,0,27,31,1,1,0,0,0,0,0,0,0,7,1,3,2,1,0,0,0,0,0,0,10,4,61,17,26,8,8,1,1,0,0,205,227,31,11,11,5,2,1,1,0,0,105,110,30,6,15,3,6,0,0,0,0,100,117,5,2,2,0,1,0,0,0,0,23,24,10,5,2,0,3,0,0,0,0,49,37,22,6,11,2,3,0,0,0,0,75,84,10,5,2,0,3,0,0,0,0,49,37,1,0,0,0,1,0,0,0,0,5,4,3,1,1,0,1,0,0,0,0,15,16
949,2019-02-23,Colorado Avalanche,5,Nashville Predators,0,,GameState.WIN,GameState.LOSS,0,1,61,25,24,10,1,1,0,0,0,201,196,29,12,12,5,0,0,0,0,0,91,87,32,13,12,5,1,1,0,0,0,110,109,5,4,1,0,0,0,0,0,0,19,8,10,4,3,3,0,0,0,0,0,31,29,16,6,6,4,0,0,0,0,0,61,61,11,4,4,3,0,0,0,0,0,32,34,2,2,0,0,0,0,0,0,0,12,4,3,3,0,0,0,0,0,0,0,15,4,63,30,22,4,5,1,1,0,0,193,164,32,17,11,1,2,0,1,0,0,96,74,31,13,11,3,3,1,0,0,0,97,90,5,3,2,0,0,0,0,0,0,13,13,10,4,4,1,1,0,0,0,0,28,28,16,6,4,4,1,1,0,0,0,52,43,11,5,4,1,1,0,0,0,0,32,29,1,1,0,0,0,0,0,0,0,2,1,2,2,0,0,0,0,0,0,0,7,4
961,2019-02-25,Florida Panthers,4,Colorado Avalanche,3,OT,GameState.OT_WIN,GameState.OT_LOSS,0,1,60,18,25,4,6,4,3,0,0,190,204,32,11,11,4,4,1,1,0,0,106,94,28,7,14,0,2,3,2,0,0,84,110,5,3,1,0,0,0,1,0,0,22,12,10,3,4,0,2,0,1,0,0,34,29,24,9,7,3,3,1,1,0,0,78,76,12,4,5,0,2,0,1,0,0,38,34,1,1,0,0,0,0,0,0,0,6,1,3,2,1,0,0,0,0,0,0,13,7,62,26,24,10,1,1,0,0,0,206,196,29,12,12,5,0,0,0,0,0,91,87,33,14,12,5,1,1,0,0,0,115,109,5,4,1,0,0,0,0,0,0,20,7,10,5,2,3,0,0,0,0,0,33,23,18,8,6,4,0,0,0,0,0,71,64,12,5,4,3,0,0,0,0,0,37,34,2,2,0,0,0,0,0,0,0,10,3,3,3,0,0,0,0,0,0,0,17,4
979,2019-02-27,Vancouver Canucks,2,Colorado Avalanche,3,SO,GameState.SO_LOSS,GameState.SO_WIN,1,0,63,19,28,5,5,3,3,0,0,176,195,30,11,12,3,2,1,1,0,0,89,91,33,8,16,2,3,2,2,0,0,87,104,5,1,2,1,0,0,1,0,0,12,13,10,1,5,2,0,0,2,0,0,23,31,14,3,8,0,1,0,2,0,0,31,36,12,2,6,2,0,0,2,0,0,29,34,1,1,0,0,0,0,0,0,0,4,0,3,1,1,1,0,0,0,0,0,6,7,63,26,24,11,1,1,0,0,0,209,200,30,12,12,6,0,0,0,0,0,94,91,33,14,12,5,1,1,0,0,0,115,109,5,4,0,1,0,0,0,0,0,23,8,10,5,2,3,0,0,0,0,0,33,23,18,8,6,4,0,0,0,0,0,71,64,13,5,4,4,0,0,0,0,0,40,38,1,0,0,1,0,0,0,0,0,3,4,3,2,0,1,0,0,0,0,0,13,7
996,2019-03-01,Colorado Avalanche,3,San Jose Sharks,4,,GameState.LOSS,GameState.WIN,1,0,64,26,24,11,1,1,1,0,0,212,202,31,12,12,6,0,0,1,0,0,97,93,33,14,12,5,1,1,0,0,0,115,109,5,3,0,1,0,0,1,0,0,23,10,10,5,2,2,0,0,1,0,0,33,21,18,8,6,4,0,0,0,0,0,71,64,0,0,0,0,0,0,0,0,0,0,0,1,0,0,0,0,0,1,0,0,3,2,3,1,0,1,0,0,1,0,0,11,6,64,31,19,5,6,3,0,0,0,229,201,29,17,5,3,2,2,0,0,0,106,77,35,14,14,2,4,1,0,0,0,123,124,5,2,2,1,0,0,0,0,0,15,17,10,6,3,1,0,0,0,0,0,36,30,22,8,10,2,1,1,0,0,0,69,78,0,0,0,0,0,0,0,0,0,0,0,1,0,1,0,0,0,0,0,0,1,4,3,1,2,0,0,0,0,0,0,6,11
1008,2019-03-03,Colorado Avalanche,1,Anaheim Ducks,2,,GameState.LOSS,GameState.WIN,1,0,65,26,25,11,1,1,1,0,0,215,206,31,12,12,6,0,0,1,0,0,97,93,34,14,13,5,1,1,0,0,0,118,113,5,2,1,1,0,0,1,0,0,19,13,10,5,3,1,0,0,1,0,0,35,23,18,8,6,4,0,0,0,0,0,71,64,1,0,1,0,0,0,0,0,0,3,4,1,0,1,0,0,0,0,0,0,3,4,3,0,1,1,0,0,1,0,0,9,10,65,17,32,7,4,2,3,0,0,142,202,31,7,11,6,2,2,3,0,0,76,94,34,10,21,1,2,0,0,0,0,66,108,5,0,5,0,0,0,0,0,0,5,15,10,3,7,0,0,0,0,0,0,17,26,16,6,10,0,0,0,0,0,0,31,47,1,0,1,0,0,0,0,0,0,0,3,1,0,1,0,0,0,0,0,0,0,3,3,0,3,0,0,0,0,0,0,3,11
1020,2019-03-05,Detroit Red Wings,3,Colorado Avalanche,4,OT,GameState.OT_LOSS,GameState.OT_WIN,1,0,65,14,33,4,7,5,2,0,0,179,223,34,7,17,2,4,3,1,0,0,94,111,31,7,16,2,3,2,1,0,0,85,112,5,0,4,1,0,0,0,0,0,11,24,10,2,6,2,0,0,0,0,0,25,42,22,4,10,2,2,3,1,0,0,54,69,1,0,1,0,0,0,0,0,0,1,3,1,0,1,0,0,0,0,0,0,1,3,1,0,1,0,0,0,0,0,0,1,3,66,26,26,11,1,1,1,0,0,216,208,31,12,12,6,0,0,1,0,0,97,93,35,14,14,5,1,1,0,0,0,119,115,5,1,2,1,0,0,1,0,0,15,12,10,5,3,1,0,0,1,0,0,34,20,18,8,6,4,0,0,0,0,0,71,64,2,0,2,0,0,0,0,0,0,4,6,1,0,1,0,0,0,0,0,0,1,2,3,0,2,0,0,0,1,0,0,7,8
1035,2019-03-07,Colorado Avalanche,0,Dallas Stars,4,,GameState.LOSS,GameState.WIN,1,0,67,26,26,11,2,1,1,0,0,220,211,32,12,12,6,1,0,1,0,0,101,96,35,14,14,5,1,1,0,0,0,119,115,5,0,2,1,1,0,1,0,0,14,15,10,4,3,1,1,0,1,0,0,34,22,18,8,6,4,0,0,0,0,0,71,64,3,0,2,0,1,0,0,0,0,8,9,1,0,0,0,1,0,0,0,0,4,3,3,0,2,0,1,0,0,0,0,8,9,66,28,27,5,6,0,0,0,0,167,170,32,18,10,2,2,0,0,0,0,93,76,34,10,17,3,4,0,0,0,0,74,94,5,3,1,0,1,0,0,0,0,14,11,10,4,5,0,1,0,0,0,0,22,30,18,5,9,2,2,0,0,0,0,40,49,2,2,0,0,0,0,0,0,0,5,1,1,1,0,0,0,0,0,0,0,1,0,2,2,0,0,0,0,0,0,0,5,1
1050,2019-03-09,Buffalo Sabres,0,Colorado Avalanche,3,,GameState.LOSS,GameState.WIN,1,0,67,19,28,6,7,3,4,0,0,194,216,33,13,10,4,4,0,2,0,0,105,101,34,6,18,2,3,3,2,0,0,89,115,5,0,3,0,1,1,0,0,0,15,22,10,1,6,0,1,2,0,0,0,27,39,26,8,11,2,2,1,2,0,0,77,73,4,0,2,0,1,1,0,0,0,13,17,1,0,0,0,0,1,0,0,0,4,5,2,0,1,0,0,1,0,0,0,7,9,68,26,27,11,2,1,1,0,0,220,215,32,12,12,6,1,0,1,0,0,101,96,36,14,15,5,1,1,0,0,0,119,119,5,0,3,0,1,0,1,0,0,11,15,10,4,3,1,1,0,1,0,0,34,23,18,8,6,4,0,0,0,0,0,71,64,4,0,3,0,1,0,0,0,0,8,13,1,0,1,0,0,0,0,0,0,0,4,3,0,2,0,1,0,0,0,0,5,9
1065,2019-03-11,Carolina Hurricanes,3,Colorado Avalanche,0,,GameState.WIN,GameState.LOSS,0,1,68,32,24,5,4,2,1,0,0,205,191,33,16,11,2,1,2,1,0,0,101,90,35,16,13,3,3,0,0,0,0,104,101,5,2,1,1,1,0,0,0,0,18,20,10,6,2,1,1,0,0,0,0,35,26,28,13,8,3,3,1,0,0,0,86,83,5,2,1,1,1,0,0,0,0,18,20,2,1,1,0,0,0,0,0,0,6,11,3,1,1,1,0,0,0,0,0,9,15,69,27,27,11,2,1,1,0,0,223,215,33,13,12,6,1,0,1,0,0,104,96,36,14,15,5,1,1,0,0,0,119,119,5,1,3,0,1,0,0,0,0,11,13,10,4,3,1,1,0,1,0,0,34,23,18,8,6,4,0,0,0,0,0,71,64,5,1,3,0,1,0,0,0,0,11,13,1,1,0,0,0,0,0,0,0,3,0,3,1,1,0,1,0,0,0,0,7,7
1094,2019-03-15,Anaheim Ducks,5,Colorado Avalanche,3,,GameState.WIN,GameState.LOSS,0,1,72,21,35,7,4,2,3,0,0,165,222,36,10,13,6,2,2,3,0,0,95,107,36,11,22,1,2,0,0,0,0,70,115,5,2,3,0,0,0,0,0,0,18,18,10,4,6,0,0,0,0,0,0,26,31,18,7,11,0,0,0,0,0,0,38,53,8,4,4,0,0,0,0,0,0,23,23,2,1,1,0,0,0,0,0,0,4,8,3,1,2,0,0,0,0,0,0,6,11,70,27,28,11,2,1,1,0,0,223,218,34,13,13,6,1,0,1,0,0,104,99,36,14,15,5,1,1,0,0,0,119,119,5,1,3,0,1,0,0,0,0,8,12,10,3,4,1,1,0,1,0,0,27,25,18,8,6,4,0,0,0,0,0,71,64,6,1,4,0,1,0,0,0,0,11,16,0,0,0,0,0,0,0,0,0,0,0,2,1,1,0,0,0,0,0,0,3,3
1112,2019-03-17,New Jersey Devils,0,Colorado Avalanche,3,,GameState.LOSS,GameState.WIN,1,0,72,22,36,5,3,4,2,0,0,204,246,35,16,12,4,1,2,0,0,0,105,98,37,6,24,1,2,2,2,0,0,99,148,5,1,3,0,0,0,1,0,0,15,21,10,2,6,0,0,1,1,0,0,22,33,26,5,14,3,2,2,0,0,0,77,103,8,1,5,0,0,1,1,0,0,19,30,1,0,0,0,0,0,1,0,0,3,2,3,1,1,0,0,0,1,0,0,13,14,71,27,29,11,2,1,1,0,0,226,223,35,13,14,6,1,0,1,0,0,107,104,36,14,15,5,1,1,0,0,0,119,119,5,1,3,0,1,0,0,0,0,10,15,10,2,5,1,1,0,1,0,0,25,27,18,8,6,4,0,0,0,0,0,71,64,7,1,5,0,1,0,0,0,0,14,21,1,0,1,0,0,0,0,0,0,3,5,2,0,2,0,0,0,0,0,0,3,8
1124,2019-03-19,Colorado Avalanche,3,Minnesota Wild,1,,GameState.WIN,GameState.LOSS,0,1,72,28,29,11,2,1,1,0,0,229,223,36,14,14,6,1,0,1,0,0,110,104,36,14,15,5,1,1,0,0,0,119,119,5,2,3,0,0,0,0,0,0,9,12,10,2,5,1,1,0,1,0,0,23,27,18,8,6,4,0,0,0,0,0,71,64,8,2,5,0,1,0,0,0,0,17,21,1,1,0,0,0,0,0,0,0,3,0,2,1,1,0,0,0,0,0,0,6,5,73,30,30,5,3,4,1,0,0,199,214,37,11,15,5,3,2,1,0,0,99,111,36,19,15,0,0,2,0,0,0,100,103,5,1,3,1,0,0,0,0,0,10,18,10,4,3,1,0,2,0,0,0,26,30,28,12,11,2,1,1,1,0,0,73,78,9,3,3,1,0,2,0,0,0,23,28,2,1,0,1,0,0,0,0,0,7,5,3,1,1,1,0,0,0,0,0,8,9
1138,2019-03-21,Colorado Avalanche,3,Dallas Stars,1,,GameState.WIN,GameState.LOSS,0,1,73,29,29,11,2,1,1,0,0,232,224,36,14,14,6,1,0,1,0,0,110,104,37,15,15,5,1,1,0,0,0,122,120,5,3,2,0,0,0,0,0,0,12,9,10,3,5,0,1,0,1,0,0,23,24,18,8,6,4,0,0,0,0,0,71,64,9,3,5,0,1,0,0,0,0,20,22,1,1,0,0,0,0,0,0,0,3,1,3,2,1,0,0,0,0,0,0,9,6,73,32,29,5,6,1,0,0,0,185,180,37,20,12,2,2,1,0,0,0,105,85,36,12,17,3,4,0,0,0,0,80,95,5,3,1,0,0,1,0,0,0,13,8,10,6,2,0,1,1,0,0,0,27,14,20,6,10,2,2,0,0,0,0,45,52,9,6,2,0,0,1,0,0,0,23,11,1,1,0,0,0,0,0,0,0,4,2,3,1,1,0,0,1,0,0,0,7,7
1150,2019-03-23,Chicago Blackhawks,2,Colorado Avalanche,4,,GameState.LOSS,GameState.WIN,1,0,73,22,31,9,8,1,2,0,0,244,266,37,12,14,6,2,1,2,0,0,126,130,36,10,17,3,6,0,0,0,0,118,136,5,3,1,1,0,0,0,0,0,17,11,10,5,3,1,0,0,1,0,0,33,30,24,6,13,2,3,0,0,0,0,80,95,9,4,3,1,0,0,1,0,0,29,27,1,0,1,0,0,0,0,0,0,1,3,2,0,1,1,0,0,0,0,0,3,6,74,30,29,11,2,1,1,0,0,235,225,36,14,14,6,1,0,1,0,0,110,104,38,16,15,5,1,1,0,0,0,125,121,5,3,2,0,0,0,0,0,0,12,10,10,4,5,0,1,0,0,0,0,23,23,18,8,6,4,0,0,0,0,0,71,64,10,4,5,0,1,0,0,0,0,23,23,1,1,0,0,0,0,0,0,0,3,1,3,3,0,0,0,0,0,0,0,9,2
1164,2019-03-24,Colorado Avalanche,1,Chicago Blackhawks,2,OT,GameState.OT_LOSS,GameState.OT_WIN,1,0,75,31,29,11,2,1,1,0,0,239,227,37,15,14,6,1,0,1,0,0,114,106,38,16,15,5,1,1,0,0,0,125,121,5,4,1,0,0,0,0,0,0,16,9,10,5,4,0,1,0,0,0,0,24,21,18,8,6,4,0,0,0,0,0,71,64,11,5,5,0,1,0,0,0,0,27,25,2,2,0,0,0,0,0,0,0,7,3,3,3,0,0,0,0,0,0,0,10,4,74,22,32,9,8,1,2,0,0,246,270,37,12,14,6,2,1,2,0,0,126,130,37,10,18,3,6,0,0,0,0,120,140,5,2,2,1,0,0,0,0,0,12,14,10,4,4,1,0,0,1,0,0,31,31,24,6,13,2,3,0,0,0,0,80,95,10,4,4,1,0,0,1,0,0,31,31,2,0,2,0,0,0,0,0,0,3,7,3,0,2,1,0,0,0,0,0,5,10
1186,2019-03-27,Vegas Golden Knights,3,Colorado Avalanche,4,,GameState.LOSS,GameState.WIN,1,0,76,35,28,4,4,2,3,0,0,235,209,38,21,10,3,1,2,1,0,0,126,93,38,14,18,1,3,0,2,0,0,109,116,5,3,1,1,0,0,0,0,0,21,12,10,7,2,1,0,0,0,0,0,37,22,24,10,10,2,1,0,1,0,0,83,76,11,8,2,1,0,0,0,0,0,40,22,1,0,1,0,0,0,0,0,0,1,3,3,1,1,1,0,0,0,0,0,8,6,76,31,29,12,2,1,1,0,0,240,229,37,15,14,6,1,0,1,0,0,114,106,39,16,15,6,1,1,0,0,0,126,123,5,4,0,1,0,0,0,0,0,14,6,10,5,3,1,1,0,0,0,0,24,21,20,9,6,5,0,0,0,0,0,76,68,12,5,5,1,1,0,0,0,0,28,27,1,0,0,1,0,0,0,0,0,1,2,3,2,0,1,0,0,0,0,0,8,5
1197,2019-03-29,Arizona Coyotes,2,Colorado Avalanche,3,SO,GameState.SO_LOSS,GameState.SO_WIN,1,0,77,28,33,5,5,2,4,0,0,200,212,38,17,15,3,1,1,1,0,0,104,94,39,11,18,2,4,1,3,0,0,96,118,5,1,3,0,0,1,0,0,0,5,12,10,4,4,1,0,1,0,0,0,21,26,20,5,10,0,2,1,2,0,0,49,69,13,6,5,1,0,1,0,0,0,27,30,1,1,0,0,0,0,0,0,0,1,0,3,1,1,0,0,1,0,0,0,2,4,77,32,29,12,2,1,1,0,0,244,232,38,16,14,6,1,0,1,0,0,118,109,39,16,15,6,1,1,0,0,0,126,123,5,4,0,1,0,0,0,0,0,15,9,10,6,3,1,0,0,0,0,0,24,21,20,9,6,5,0,0,0,0,0,76,68,13,6,5,1,1,0,0,0,0,32,30,1,1,0,0,0,0,0,0,0,4,3,3,2,0,1,0,0,0,0,0,9,7
1226,2019-04-01,Colorado Avalanche,2,St. Louis Blues,3,SO,GameState.SO_LOSS,GameState.SO_WIN,1,0,78,32,29,12,2,1,2,0,0,247,234,39,16,14,6,1,0,2,0,0,121,111,39,16,15,6,1,1,0,0,0,126,123,5,3,0,1,0,0,1,0,0,15,10,10,6,2,1,0,0,1,0,0,27,19,20,9,6,5,0,0,0,0,0,76,68,0,0,0,0,0,0,0,0,0,0,0,1,0,0,0,0,0,1,0,0,3,2,2,1,0,0,0,0,1,0,0,7,5,78,35,28,6,6,2,1,0,0,231,212,38,18,15,1,2,1,1,0,0,123,116,40,17,13,5,4,1,0,0,0,108,96,5,3,1,0,1,0,0,0,0,17,12,10,5,3,0,1,1,0,0,0,33,24,26,10,8,3,3,1,1,0,0,75,69,0,0,0,0,0,0,0,0,0,0,0,2,0,1,0,1,0,0,0,0,5,6,2,0,1,0,1,0,0,0,0,5,6
1231,2019-04-02,Edmonton Oilers,2,Colorado Avalanche,6,,GameState.LOSS,GameState.WIN,1,0,79,23,36,6,8,3,3,0,0,225,264,40,13,18,2,4,2,1,0,0,122,130,39,10,18,4,4,1,2,0,0,103,134,5,1,2,1,0,1,0,0,0,15,19,10,2,5,1,1,1,0,0,0,30,41,20,4,11,3,2,0,0,0,0,56,78,1,0,1,0,0,0,0,0,0,1,3,2,0,2,0,0,0,0,0,0,2,8,3,0,2,0,0,1,0,0,0,4,11,79,32,29,12,2,2,2,0,0,249,237,39,16,14,6,1,0,2,0,0,121,111,40,16,15,6,1,2,0,0,0,128,126,5,2,0,1,0,1,1,0,0,14,12,10,5,2,1,0,1,1,0,0,26,22,20,9,6,5,0,0,0,0,0,76,68,1,0,0,0,0,1,0,0,0,2,3,1,0,0,0,0,1,0,0,0,2,3,3,1,0,0,0,1,1,0,0,9,8
1243,2019-04-04,Winnipeg Jets,2,Colorado Avalanche,3,OT,GameState.OT_LOSS,GameState.OT_WIN,1,0,80,37,30,3,7,1,2,0,0,266,239,41,21,12,3,4,1,0,0,0,151,118,39,16,18,0,3,0,2,0,0,115,121,5,0,4,0,1,0,0,0,0,12,21,10,4,5,0,1,0,0,0,0,25,29,20,6,8,0,4,0,2,0,0,61,61,2,0,1,0,1,0,0,0,0,5,8,2,0,1,0,1,0,0,0,0,5,8,3,0,2,0,1,0,0,0,0,6,11,80,33,29,12,2,2,2,0,0,255,239,40,17,14,6,1,0,2,0,0,127,113,40,16,15,6,1,2,0,0,0,128,126,5,2,0,1,0,1,1,0,0,16,12,10,6,1,1,0,1,1,0,0,32,21,22,10,6,5,0,1,0,0,0,84,73,2,1,0,0,0,1,0,0,0,8,5,2,1,0,0,0,1,0,0,0,8,5,3,1,0,0,0,1,1,0,0,11,7
1268,2019-04-06,Colorado Avalanche,2,San Jose Sharks,5,,GameState.LOSS,GameState.WIN,1,0,81,33,29,12,3,2,2,0,0,258,241,41,17,14,6,2,0,2,0,0,130,115,40,16,15,6,1,2,0,0,0,128,126,5,2,0,0,1,1,1,0,0,18,12,10,6,0,1,1,1,1,0,0,32,18,22,10,6,5,0,1,0,0,0,84,73,3,1,0,0,1,1,0,0,0,11,7,1,0,0,0,1,0,0,0,0,3,2,3,1,0,0,1,1,0,0,0,11,7,81,37,27,6,8,3,0,0,0,284,259,40,20,11,3,4,2,0,0,0,143,117,41,17,16,3,4,1,0,0,0,141,142,5,1,3,0,1,0,0,0,0,16,19,10,1,7,1,1,0,0,0,0,28,41,28,10,12,3,2,1,0,0,0,89,98,2,1,1,0,0,0,0,0,0,5,6,1,1,0,0,0,0,0,0,0,3,2,3,1,2,0,0,0,0,0,0,8,11
